Zeitstempel,Kraken_Preis,Binance_Preis,Differenz,Action,Quantität,Netto_Profit,Haltezeit,Kauf_Order_ID,Verkauf_Order_ID
2026-02-22 13:30:44.791711,68061.1,68052.42,0.012754873375564848,BUY,0.001,0,0,5015848,
2026-02-22 13:30:51.424499,68061.1,68052.42,0.012754873375564848,SELL,0.001,-0.20415726,6.3694024085998535,5015848,5015854
2026-02-22 13:30:53.124618,68061.1,68052.41,0.012769569806568685,BUY,0.001,0,0,5015856,
2026-02-22 13:30:59.631183,68061.1,68052.41,0.012769569806568685,SELL,0.001,-0.20415723000000002,5.807971715927124,5015856,5015876
2026-02-22 13:31:01.788003,68061.1,68052.41,0.012769569806568685,BUY,0.001,0,0,5015884,
2026-02-22 13:31:07.861997,68061.1,68052.42,0.012754873375564848,SELL,0.001,-0.20414724500000525,5.8304359912872314,5015884,5015885
2026-02-22 13:31:09.563106,68074.1,68052.41,0.03187249356782857,BUY,0.001,0,0,5015886,
2026-02-22 13:31:15.642058,68074.1,68052.42,0.03185779432973518,SELL,0.001,-0.20414724500000525,5.809619903564453,5015886,5015931
2026-02-22 13:31:17.337190,68074.1,68047.77,0.03869340611749914,BUY,0.001,0,0,5015934,
2026-02-22 13:31:23.381530,68074.1,68047.78,0.038678704874732114,SELL,0.001,-0.20413332500000522,5.792173624038696,5015934,5015941
2026-02-22 13:31:25.526047,68074.1,68047.77,0.03869340611749914,BUY,0.001,0,0,5015944,
2026-02-22 13:31:31.601958,68074.1,68047.78,0.038678704874732114,SELL,0.001,-0.20413332500000522,5.819086074829102,5015944,5015960
2026-02-22 13:31:33.305957,68074.1,68047.77,0.03869340611749914,BUY,0.001,0,0,5015966,
2026-02-22 13:31:39.821461,68074.1,68047.78,0.038678704874732114,SELL,0.001,-0.20413332500000522,6.253288507461548,5015966,5015968
2026-02-22 13:31:41.544385,68074.1,68047.77,0.03869340611749914,BUY,0.001,0,0,5015972,
2026-02-22 13:31:47.619421,68074.1,68047.77,0.03869340611749914,SELL,0.001,-0.20414331000000002,5.824064254760742,5015972,5015986
2026-02-22 13:31:49.774239,68074.1,68047.77,0.03869340611749914,BUY,0.001,0,0,5015989,
2026-02-22 13:31:55.840208,68074.1,68047.78,0.038678704874732114,SELL,0.001,-0.20413332500000522,5.822388648986816,5015989,5016010
2026-02-22 13:31:57.994531,68074.1,68047.77,0.03869340611749914,BUY,0.001,0,0,5016023,
2026-02-22 13:32:04.490221,68074.1,68047.78,0.038678704874732114,SELL,0.001,-0.20413332500000522,6.253035545349121,5016023,5016045
2026-02-22 13:32:06.198075,68074.1,68047.77,0.03869340611749914,BUY,0.001,0,0,5016047,
2026-02-22 13:32:12.721847,68074.1,68047.77,0.03869340611749914,SELL,0.001,-0.20414331000000002,5.826639175415039,5016047,5016062
2026-02-22 13:32:14.419801,68074.1,68047.77,0.03869340611749914,BUY,0.001,0,0,5016063,
2026-02-22 13:32:20.459036,68074.1,68047.78,0.038678704874732114,SELL,0.001,-0.20413332500000522,5.794987916946411,5016063,5016105
2026-02-22 13:32:22.149911,68074.1,68034.18,0.058676388838687865,BUY,0.001,0,0,5016114,
2026-02-22 13:32:38.868094,68074.1,68046.75,0.040192955578342564,SELL,0.001,-0.19155139499999302,16.46666669845581,5016114,5016168
2026-02-22 13:32:40.564153,68074.1,68047.77,0.03869340611749914,BUY,0.001,0,0,5016174,
2026-02-22 13:32:46.626276,68074.1,68047.78,0.038678704874732114,SELL,0.001,-0.20413332500000522,5.810946464538574,5016174,5016182
2026-02-22 13:32:48.318318,68074.1,68047.77,0.03869340611749914,BUY,0.001,0,0,5016184,
2026-02-22 13:32:54.367722,68074.1,68047.78,0.038678704874732114,SELL,0.001,-0.20413332500000522,5.806443214416504,5016184,5016185
2026-02-22 13:32:56.066878,68074.1,68047.77,0.03869340611749914,BUY,0.001,0,0,5016238,
2026-02-22 13:34:12.568977,68074.1,68052.42,0.03185779432973518,SELL,0.001,-0.19950028500000583,76.25850987434387,5016238,5016405
2026-02-22 13:34:14.259804,68074.1,68052.42,0.03185779432973518,BUY,0.001,0,0,5016407,
2026-02-22 13:34:20.741919,68074.1,68052.43,0.031843095095961754,SELL,0.001,-0.2041472750000052,6.238610029220581,5016407,5016408
2026-02-22 13:34:22.444248,68074.1,68052.43,0.031843095095961754,BUY,0.001,0,0,5016433,
2026-02-22 13:34:28.933886,68074.1,68052.43,0.031843095095961754,SELL,0.001,-0.20415729,6.2452192306518555,5016433,5016438
2026-02-22 13:34:30.635892,68074.1,68052.42,0.03185779432973518,BUY,0.001,0,0,5016440,
2026-02-22 13:34:37.156027,68038.3,68052.43,-0.02076340257062107,SELL,0.001,-0.2041472750000052,6.2761242389678955,5016440,5016446
2026-02-22 13:36:34.128615,68040.7,68032.99,0.011332737249960423,BUY,0.001,0,0,5016785,
2026-02-22 13:36:40.185730,68040.7,68032.99,0.011332737249960423,SELL,0.001,-0.20409897000000002,5.810309410095215,5016785,5016838
2026-02-22 13:36:42.336395,68040.7,68027.22,0.019815597344703964,BUY,0.001,0,0,5016844,
2026-02-22 13:36:48.822260,68035.0,68027.22,0.011436598467494095,SELL,0.001,-0.20408166,5.780178546905518,5016844,5016847
2026-02-22 13:36:50.522553,68035.0,68027.22,0.011436598467494095,BUY,0.001,0,0,5016854,
2026-02-22 13:36:57.037781,68025.0,68027.23,-0.0032780990788481698,SELL,0.001,-0.20407167500000525,6.258381605148315,5016854,5016861
2026-02-22 13:38:36.767953,68025.0,68006.89,0.02662965473057301,BUY,0.001,0,0,5017187,
2026-02-22 13:38:42.830572,68025.0,68006.89,0.02662965473057301,SELL,0.001,-0.20402067,5.811771869659424,5017187,5017204
2026-02-22 13:38:44.553283,68025.0,68006.89,0.02662965473057301,BUY,0.001,0,0,5017211,
2026-02-22 13:38:50.510979,68025.0,68006.89,0.02662965473057301,SELL,0.001,-0.20402067,5.265617609024048,5017211,5017224
2026-02-22 13:38:52.205410,68025.0,67993.23,0.0467252401452381,BUY,0.001,0,0,5017229,
2026-02-22 13:38:53.906172,68025.0,68006.89,0.02662965473057301,SELL,0.001,-0.1903401799999965,1.4484248161315918,5017229,5017285
2026-02-22 13:38:56.058117,68025.0,68000.08,0.03664701570939072,BUY,0.001,0,0,5017291,
2026-02-22 13:39:02.137598,68025.0,68000.09,0.03663230445724924,SELL,0.001,-0.20399025500000523,5.83126974105835,5017291,5017303
2026-02-22 13:39:03.832718,68025.0,68000.08,0.03664701570939072,BUY,0.001,0,0,5017307,
2026-02-22 13:39:09.892531,68025.0,68000.08,0.03664701570939072,SELL,0.001,-0.20400024000000003,5.8153791427612305,5017307,5017310
2026-02-22 13:39:11.584013,68025.0,67991.24,0.04965345535688827,BUY,0.001,0,0,5017367,
2026-02-22 13:39:32.217438,67935.3,67962.02,-0.03931607683232659,SELL,0.001,-0.2331498900000012,20.388152599334717,5017367,5017468
2026-02-22 13:39:45.519270,67935.3,67921.22,0.020729898550116956,BUY,0.001,0,0,5017549,
2026-02-22 13:39:52.016996,67935.3,67921.21,0.02074462454363888,SELL,0.001,-0.20377364499999476,6.256299257278442,5017549,5017572
2026-02-22 13:39:53.726236,67935.3,67921.21,0.02074462454363888,BUY,0.001,0,0,5017575,
2026-02-22 13:40:00.233235,67935.3,67921.22,0.020729898550116956,SELL,0.001,-0.20375364500000523,6.258640289306641,5017575,5017584
2026-02-22 13:40:01.946977,67935.3,67921.21,0.02074462454363888,BUY,0.001,0,0,5017590,
2026-02-22 13:40:21.114166,67935.3,67917.39,0.02637027129576607,SELL,0.001,-0.207577900000007,18.91974139213562,5017590,5017724
2026-02-22 13:40:22.804784,67935.3,67917.38,0.026384998950192504,BUY,0.001,0,0,5017728,
2026-02-22 13:40:29.757781,67935.3,67917.39,0.02637027129576607,SELL,0.001,-0.20374215500000528,6.255134344100952,5017728,5017732
2026-02-22 13:40:31.456062,67935.3,67917.38,0.026384998950192504,BUY,0.001,0,0,5017736,
2026-02-22 13:40:37.515072,67935.5,67917.39,0.02666474668711589,SELL,0.001,-0.20374215500000528,5.808814764022827,5017736,5017785
2026-02-22 13:40:39.214377,67935.5,67927.58,0.011659476165643253,BUY,0.001,0,0,5017791,
2026-02-22 13:40:45.719859,67935.5,67927.58,0.011659476165643253,SELL,0.001,-0.20378274000000002,6.263060808181763,5017791,5017797
2026-02-22 13:40:47.411704,67935.5,67927.58,0.011659476165643253,BUY,0.001,0,0,5017804,
2026-02-22 13:40:53.466883,67935.5,67927.58,0.011659476165643253,SELL,0.001,-0.20378274000000002,5.804593801498413,5017804,5017814
2026-02-22 13:40:55.158940,67935.5,67927.58,0.011659476165643253,BUY,0.001,0,0,5017862,
2026-02-22 13:41:01.220206,67935.5,67920.92,0.021466140329079383,SELL,0.001,-0.2104327500000035,5.8187549114227295,5017862,5017866
2026-02-22 13:41:03.363798,67935.5,67920.92,0.021466140329079383,BUY,0.001,0,0,5017875,
2026-02-22 13:41:09.415170,67935.5,67920.92,0.021466140329079383,SELL,0.001,-0.20376276,5.8034539222717285,5017875,5017906
2026-02-22 13:41:11.107636,67935.5,67920.91,0.021480866496041508,BUY,0.001,0,0,5017910,
2026-02-22 13:41:14.265734,67935.5,67932.45,0.004489754160203129,SELL,0.001,-0.19224004000000638,2.9097344875335693,5017910,5017981
2026-02-22 13:41:20.755669,67935.5,67779.42,0.23027638772949335,BUY,0.001,0,0,5018038,
2026-02-22 13:41:22.905063,67935.5,67947.72,-0.017984415076769556,SELL,0.001,-0.035290709999997116,1.9043645858764648,5018038,5018044
2026-02-22 13:41:27.480510,67935.5,67779.42,0.23027638772949335,BUY,0.001,0,0,5018099,
2026-02-22 13:41:29.183486,67935.5,67947.72,-0.017984415076769556,SELL,0.001,-0.035290709999997116,1.4524519443511963,5018099,5018162
2026-02-22 13:41:48.773985,67935.5,67927.33,0.012027559452135472,BUY,0.001,0,0,5018282,
2026-02-22 13:41:55.279185,67935.5,67927.34,0.012012836068663211,SELL,0.001,-0.2037720050000052,6.264557123184204,5018282,5018295
2026-02-22 13:41:56.977519,67935.5,67927.33,0.012027559452135472,BUY,0.001,0,0,5018297,
2026-02-22 13:42:03.034389,67935.5,67927.34,0.012012836068663211,SELL,0.001,-0.2037720050000052,5.8142249584198,5018297,5018319
2026-02-22 13:43:06.437307,67951.6,67941.67,0.014615478247749234,BUY,0.001,0,0,5018510,
2026-02-22 13:43:12.492645,67951.6,67941.68,0.014600757590940946,SELL,0.001,-0.20381502500000523,5.811304569244385,5018510,5018515
2026-02-22 13:44:22.757417,67951.6,67933.34,0.02687929078712943,BUY,0.001,0,0,5018711,
2026-02-22 13:44:28.835951,67951.6,67933.34,0.02687929078712943,SELL,0.001,-0.20380002,5.828166484832764,5018711,5018729
2026-02-22 13:44:30.991000,67951.6,67933.34,0.02687929078712943,BUY,0.001,0,0,5018732,
2026-02-22 13:44:37.518065,67951.6,67933.34,0.02687929078712943,SELL,0.001,-0.20380002,6.267956733703613,5018732,5018750
2026-02-22 13:44:39.216101,67951.6,67933.34,0.02687929078712943,BUY,0.001,0,0,5018782,
2026-02-22 13:44:45.281260,67951.6,67930.31,0.0313409433874336,SELL,0.001,-0.20682547499999882,5.82126259803772,5018782,5018810
2026-02-22 13:44:46.978165,67951.6,67930.3,0.031355668972465764,BUY,0.001,0,0,5018814,
2026-02-22 13:44:53.024063,67951.6,67930.31,0.0313409433874336,SELL,0.001,-0.20378091500000522,5.7949371337890625,5018814,5018821
2026-02-22 13:44:54.731841,67951.6,67930.0,0.03179743853968176,BUY,0.001,0,0,5018826,
2026-02-22 13:45:14.354162,67935.2,67929.6,0.008243828905206668,SELL,0.001,-0.2041893999999942,19.37971520423889,5018826,5018993
2026-02-22 13:46:07.267392,67923.6,67913.23,0.015269484311097994,BUY,0.001,0,0,5019180,
2026-02-22 13:46:13.317686,67923.6,67913.24,0.015254757393404558,SELL,0.001,-0.2037297049999907,5.801254749298096,5019180,5019196
2026-02-22 13:46:15.008603,67923.6,67913.23,0.015269484311097994,BUY,0.001,0,0,5019198,
2026-02-22 13:46:21.050222,67923.6,67913.24,0.015254757393404558,SELL,0.001,-0.2037297049999907,5.796172618865967,5019198,5019206
2026-02-22 13:46:22.751243,67923.6,67913.23,0.015269484311097994,BUY,0.001,0,0,5019209,
2026-02-22 13:46:28.826536,67923.6,67906.7,0.024887087724788176,SELL,0.001,-0.21025989499999884,5.8307952880859375,5019209,5019267
2026-02-22 13:46:30.526725,67923.6,67906.7,0.024887087724788176,BUY,0.001,0,0,5019273,
2026-02-22 13:46:37.070158,67923.6,67906.71,0.024872357974638173,SELL,0.001,-0.20371011499999073,6.295698165893555,5019273,5019285
2026-02-22 13:46:39.218775,67923.6,67906.71,0.024872357974638173,BUY,0.001,0,0,5019289,
2026-02-22 13:46:59.225327,67923.6,67900.32,0.034285552704315436,SELL,0.001,-0.21010054499999947,19.763375997543335,5019289,5019413
2026-02-22 13:47:00.921681,67923.6,67900.31,0.034300285226986665,BUY,0.001,0,0,5019415,
2026-02-22 13:47:07.426462,67923.6,67900.32,0.034285552704315436,SELL,0.001,-0.20369094499999071,6.262329339981079,5019415,5019421
2026-02-22 13:47:09.123010,67923.6,67900.31,0.034300285226986665,BUY,0.001,0,0,5019422,
2026-02-22 13:47:15.197629,67923.6,67900.32,0.034285552704315436,SELL,0.001,-0.20369094499999071,5.819820880889893,5019422,5019462
2026-02-22 13:47:16.894540,67923.6,67901.21,0.03297437556709139,BUY,0.001,0,0,5019468,
2026-02-22 13:47:22.962555,67923.6,67901.2,0.0329891077035586,SELL,0.001,-0.2037136150000093,5.819937229156494,5019468,5019522
2026-02-22 13:47:24.657844,67923.6,67901.2,0.0329891077035586,BUY,0.001,0,0,5019541,
2026-02-22 13:47:26.349987,67923.6,68224.77,-0.4414379117730969,SELL,0.001,0.11938104500000701,1.4482841491699219,5019541,5019552
2026-02-22 13:47:29.494970,67923.6,67901.2,0.0329891077035586,BUY,0.001,0,0,5019584,
2026-02-22 13:47:34.108454,67923.6,67938.38,-0.021755007994006974,SELL,0.001,-0.16657936999999245,4.369028091430664,5019584,5019695
2026-02-22 13:49:00.368241,67953.8,67940.28,0.019899829673949054,BUY,0.001,0,0,5020161,
2026-02-22 13:49:06.411145,67953.8,67940.27,0.019914551414056545,SELL,0.001,-0.20383082499999475,5.799405813217163,5020161,5020171
2026-02-22 13:49:08.121796,67953.8,67940.27,0.019914551414056545,BUY,0.001,0,0,5020172,
2026-02-22 13:49:14.199055,67947.7,67938.01,0.014263002404695586,SELL,0.001,-0.2060774200000093,5.824776649475098,5020172,5020214
2026-02-22 13:49:15.904125,67947.7,67938.0,0.014277723806996217,BUY,0.001,0,0,5020221,
2026-02-22 13:49:22.425713,67947.7,67938.01,0.014263002404695586,SELL,0.001,-0.20380401500000525,5.8298163414001465,5020221,5020229
2026-02-22 13:49:24.120554,67947.7,67938.0,0.014277723806996217,BUY,0.001,0,0,5020232,
2026-02-22 13:49:30.644068,67947.2,67938.01,0.013527037368333763,SELL,0.001,-0.20380401500000525,6.277085542678833,5020232,5020246
2026-02-22 13:49:32.354598,67947.2,67938.0,0.013541758662305468,BUY,0.001,0,0,5020249,
2026-02-22 13:49:38.413529,67947.2,67938.01,0.013527037368333763,SELL,0.001,-0.20380401500000525,5.810050010681152,5020249,5020254
2026-02-22 13:49:40.118630,67947.2,67938.0,0.013541758662305468,BUY,0.001,0,0,5020256,
2026-02-22 13:49:46.158585,67947.2,67938.01,0.013527037368333763,SELL,0.001,-0.20380401500000525,5.794441223144531,5020256,5020312
2026-02-22 13:50:29.976280,67953.1,67940.0,0.019281719163976776,BUY,0.001,0,0,5020461,
2026-02-22 13:50:36.041295,67953.1,67940.01,0.019266997458509443,SELL,0.001,-0.20381001500000526,5.81377649307251,5020461,5020470
2026-02-22 13:50:38.196696,67953.1,67940.0,0.019281719163976776,BUY,0.001,0,0,5020489,
2026-02-22 13:50:44.721723,67953.1,67940.01,0.019266997458509443,SELL,0.001,-0.20381001500000526,5.827006101608276,5020489,5020502
2026-02-22 13:50:46.501489,67953.1,67940.0,0.019281719163976776,BUY,0.001,0,0,5020505,
2026-02-22 13:50:52.946400,67953.1,67940.01,0.019266997458509443,SELL,0.001,-0.20381001500000526,6.03774356842041,5020505,5020513
2026-02-22 13:50:55.203745,67953.1,67940.0,0.019281719163976776,BUY,0.001,0,0,5020564,
2026-02-22 13:51:01.295102,67953.1,67943.01,0.014850681475564684,SELL,0.001,-0.20081451500000524,5.845493316650391,5020564,5020571
2026-02-22 13:51:02.989581,67953.1,67943.02,0.014835961074444065,BUY,0.001,0,0,5020578,
2026-02-22 13:51:09.927835,67953.1,67943.01,0.014850681475564684,SELL,0.001,-0.20383904500000932,6.692292928695679,5020578,5020587
2026-02-22 13:51:11.620006,67953.1,67943.01,0.014850681475564684,BUY,0.001,0,0,5020637,
2026-02-22 13:51:13.321652,67953.1,67952.4,0.0010301328577234088,SELL,0.001,-0.19445311500000054,1.4562156200408936,5020637,5020638
2026-02-22 13:53:31.679078,67978.7,67969.06,0.01418292381857189,BUY,0.001,0,0,5021043,
2026-02-22 13:53:38.184733,67978.7,67969.06,0.01418292381857189,SELL,0.001,-0.20390718000000002,6.254098653793335,5021043,5021057
2026-02-22 13:53:39.886491,67978.7,67969.05,0.014197638483977898,BUY,0.001,0,0,5021058,
2026-02-22 13:53:46.308416,67978.7,67969.06,0.01418292381857189,SELL,0.001,-0.20389716500000524,6.121969223022461,5021058,5021063
2026-02-22 13:53:48.157164,67978.7,67969.05,0.014197638483977898,BUY,0.001,0,0,5021085,
2026-02-22 13:53:54.859669,67978.7,67968.61,0.014845088048727946,SELL,0.001,-0.20434649000000235,6.449510335922241,5021085,5021091
2026-02-22 13:53:56.563583,67978.7,67968.62,0.01483037319280831,BUY,0.001,0,0,5021098,
2026-02-22 13:54:03.101977,67978.7,67968.61,0.014845088048727946,SELL,0.001,-0.20391584499999474,6.286687135696411,5021098,5021112
2026-02-22 13:54:04.804751,67978.7,67954.32,0.03587704210709504,BUY,0.001,0,0,5021164,
2026-02-22 13:54:10.833817,67978.7,67954.32,0.03587704210709504,SELL,0.001,-0.20386296,5.780331611633301,5021164,5021186
2026-02-22 13:54:13.002339,67978.7,67954.32,0.03587704210709504,BUY,0.001,0,0,5021188,
2026-02-22 13:54:19.202595,67978.7,67954.32,0.03587704210709504,SELL,0.001,-0.20386296,5.944506406784058,5021188,5021200
2026-02-22 13:54:20.900185,67978.7,67954.33,0.035862321061800394,BUY,0.001,0,0,5021206,
2026-02-22 13:54:30.774164,67953.0,67946.67,0.009316129841244239,SELL,0.001,-0.21151150000000352,9.62232255935669,5021206,5021261
2026-02-22 13:57:32.649104,67953.0,67943.9,0.013393402498246084,BUY,0.001,0,0,5021571,
2026-02-22 13:57:39.147350,67953.0,67935.26,0.026113096498056,SELL,0.001,-0.2124587399999994,6.254356622695923,5021571,5021584
2026-02-22 13:57:40.839725,67953.0,67935.25,0.026127820240596747,BUY,0.001,0,0,5021592,
2026-02-22 13:57:47.361719,67953.0,67935.26,0.026113096498056,SELL,0.001,-0.20379576500000524,6.272748231887817,5021592,5021595
2026-02-22 13:57:49.068624,67953.0,67935.25,0.026127820240596747,BUY,0.001,0,0,5021610,
2026-02-22 13:57:55.120676,67947.2,67935.26,0.01757555649305284,SELL,0.001,-0.20379576500000524,5.806335210800171,5021610,5021621
2026-02-22 13:57:56.809036,67947.2,67935.26,0.01757555649305284,BUY,0.001,0,0,5021623,
2026-02-22 13:58:03.341308,67947.2,67935.27,0.017560834011542185,SELL,0.001,-0.20379579499999068,6.284828186035156,5021623,5021632
2026-02-22 13:58:05.044038,67947.2,67935.26,0.01757555649305284,BUY,0.001,0,0,5021633,
2026-02-22 13:58:07.203185,67957.9,67947.84,0.014805474316766614,SELL,0.001,-0.1912446499999982,1.9060540199279785,5021633,5021690
2026-02-22 13:58:08.909286,67957.9,67947.99,0.014584684550623115,BUY,0.001,0,0,5021696,
2026-02-22 13:58:15.462554,67957.9,67948.0,0.014569965267548977,SELL,0.001,-0.20383398500000524,6.3066582679748535,5021696,5021699
2026-02-22 13:58:17.610387,67957.9,67947.99,0.014584684550623115,BUY,0.001,0,0,5021700,
2026-02-22 13:58:19.313024,67957.9,67958.0,-0.0001471497101236363,SELL,0.001,-0.19384898500000522,1.4545032978057861,5021700,5021744
2026-02-22 13:58:53.938518,67957.9,67949.52,0.012332684616447775,BUY,0.001,0,0,5021814,
2026-02-22 13:59:00.456672,67957.9,67949.53,0.012317965996225939,SELL,0.001,-0.2038385750000052,5.82146692276001,5021814,5021815
2026-02-22 13:59:02.165031,67957.9,67949.52,0.012332684616447775,BUY,0.001,0,0,5021816,
2026-02-22 13:59:08.241098,67957.9,67949.52,0.012332684616447775,SELL,0.001,-0.20384856,5.834069013595581,5021816,5021825
2026-02-22 13:59:09.932795,67957.9,67949.52,0.012332684616447775,BUY,0.001,0,0,5021829,
2026-02-22 13:59:16.000657,67957.9,67949.53,0.012317965996225939,SELL,0.001,-0.2038385750000052,5.8173511028289795,5021829,5021847
2026-02-22 13:59:18.147572,67957.9,67949.53,0.012317965996225939,BUY,0.001,0,0,5021851,
2026-02-22 13:59:24.214747,67957.9,67949.54,0.012303247380336325,SELL,0.001,-0.20383860500000525,5.815556526184082,5021851,5021852
2026-02-22 14:00:17.099551,67950.8,67941.78,0.013276072543292322,BUY,0.001,0,0,5021983,
2026-02-22 14:00:20.252086,67950.8,67955.37,-0.00672500201233903,SELL,0.001,-0.19025572500000348,2.9070205688476562,5021983,5022027
2026-02-22 14:01:34.353851,67964.4,67951.5,0.018984128385678284,BUY,0.001,0,0,5022251,
2026-02-22 14:01:40.423374,67964.4,67951.51,0.01896940921548236,SELL,0.001,-0.20384451500000525,5.818066835403442,5022251,5022258
2026-02-22 14:01:42.124765,67964.4,67951.5,0.018984128385678284,BUY,0.001,0,0,5022261,
2026-02-22 14:01:48.653469,67964.4,67951.52,0.018954690049597277,SELL,0.001,-0.20383452999999596,6.276300668716431,5022261,5022292
2026-02-22 14:01:50.354744,67964.4,67951.51,0.01896940921548236,BUY,0.001,0,0,5022296,
2026-02-22 14:01:56.409689,67964.4,67951.51,0.01896940921548236,SELL,0.001,-0.20385452999999998,5.810978889465332,5022296,5022310
2026-02-22 14:01:58.550169,67964.4,67951.52,0.018954690049597277,BUY,0.001,0,0,5022315,
2026-02-22 14:02:05.077357,67964.4,67962.0,0.0035313851858305803,SELL,0.001,-0.1933902800000041,6.28067946434021,5022315,5022373
2026-02-22 14:02:22.214121,67964.4,67956.36,0.011831122208419633,BUY,0.001,0,0,5022444,
2026-02-22 14:02:28.287663,67949.1,67956.36,-0.01068332677029017,SELL,0.001,-0.20386908,5.825224876403809,5022444,5022456
2026-02-22 14:03:37.481943,67991.7,67952.15,0.05820272059089067,BUY,0.001,0,0,5022692,
2026-02-22 14:03:47.772007,67991.7,68009.86,-0.026702010561414906,SELL,0.001,-0.14623301499999364,9.59467625617981,5022692,5022795
2026-02-22 14:06:06.330291,67994.6,67966.91,0.04074041323932826,BUY,0.001,0,0,5023288,
2026-02-22 14:06:12.830187,67959.1,67966.9,-0.01147617443194902,SELL,0.001,-0.2039107150000093,6.255276679992676,5023288,5023303
2026-02-22 14:07:48.078739,67996.7,67987.99,0.012811086193299508,BUY,0.001,0,0,5023625,
2026-02-22 14:07:54.119045,67982.1,67988.0,-0.008678002000344442,SELL,0.001,-0.20395398500000522,5.787329435348511,5023625,5023641
2026-02-22 14:08:09.773339,67982.1,67972.39,0.014285211980932851,BUY,0.001,0,0,5023698,
2026-02-22 14:08:15.849617,67982.1,67972.4,0.01427049802568637,SELL,0.001,-0.2039071850000052,5.832589149475098,5023698,5023715
2026-02-22 14:08:17.550705,67982.1,67972.39,0.014285211980932851,BUY,0.001,0,0,5023718,
2026-02-22 14:08:37.176276,67970.0,67954.42,0.02292713262802,SELL,0.001,-0.2218602150000012,19.37841796875,5023718,5023845
2026-02-22 14:08:55.826870,67970.0,67952.78,0.025341126588200168,BUY,0.001,0,0,5023912,
2026-02-22 14:09:02.169848,67970.0,67952.77,0.025355846420971394,SELL,0.001,-0.20386832499999474,6.035967111587524,5023912,5023918
2026-02-22 14:09:04.117819,67970.0,67952.77,0.025355846420971394,BUY,0.001,0,0,5023924,
2026-02-22 14:09:09.175457,67970.0,67960.94,0.013331187002412962,SELL,0.001,-0.19570056500000177,4.800384044647217,5023924,5023961
2026-02-22 14:09:10.882666,67970.0,67952.77,0.025355846420971394,BUY,0.001,0,0,5024005,
2026-02-22 14:09:16.917461,67970.0,67960.9,0.013390052221212229,SELL,0.001,-0.19574050500000986,5.787376880645752,5024005,5024028
2026-02-22 14:09:18.610769,67970.0,67960.89,0.013404768536728378,BUY,0.001,0,0,5024033,
2026-02-22 14:09:24.681563,67970.0,67960.9,0.013390052221212229,SELL,0.001,-0.20387268500000522,5.826817274093628,5024033,5024046
2026-02-22 14:09:26.829339,67970.0,67960.89,0.013404768536728378,BUY,0.001,0,0,5024060,
2026-02-22 14:09:32.902687,67970.0,67960.89,0.013404768536728378,SELL,0.001,-0.20388267,5.831407308578491,5024060,5024095
2026-02-22 14:09:34.603674,67970.0,67960.89,0.013404768536728378,BUY,0.001,0,0,5024100,
2026-02-22 14:09:40.675084,67970.0,67960.9,0.013390052221212229,SELL,0.001,-0.20387268500000522,5.824807405471802,5024100,5024107
2026-02-22 14:09:42.371205,67970.0,67960.89,0.013404768536728378,BUY,0.001,0,0,5024112,
2026-02-22 14:09:48.465975,67970.0,67960.9,0.013390052221212229,SELL,0.001,-0.20387268500000522,5.847306966781616,5024112,5024130
2026-02-22 14:09:50.602838,67970.0,67960.9,0.013390052221212229,BUY,0.001,0,0,5024136,
2026-02-22 14:09:57.116047,67970.0,67960.9,0.013390052221212229,SELL,0.001,-0.2038827,6.265915393829346,5024136,5024140
2026-02-22 14:09:59.270550,67970.0,67960.9,0.013390052221212229,BUY,0.001,0,0,5024148,
2026-02-22 14:10:05.357527,67970.0,67969.26,0.0010887274629814106,SELL,0.001,-0.1955352399999994,5.834163188934326,5024148,5024220
2026-02-22 14:10:22.526133,67964.6,67958.1,0.00956471708302616,BUY,0.001,0,0,5024287,
2026-02-22 14:10:29.022952,67964.6,67958.1,0.00956471708302616,SELL,0.001,-0.20387430000000004,6.2535154819488525,5024287,5024301
2026-02-22 14:12:03.735336,67964.6,67955.9,0.012802420393242739,BUY,0.001,0,0,5024625,
2026-02-22 14:12:10.273093,67964.6,67955.9,0.012802420393242739,SELL,0.001,-0.20386769999999999,6.283626317977905,5024625,5024645
2026-02-22 14:12:11.978792,67964.6,67955.91,0.01278770308572474,BUY,0.001,0,0,5024650,
2026-02-22 14:12:18.941353,67964.6,67955.91,0.01278770308572474,SELL,0.001,-0.20386773000000002,6.267621994018555,5024650,5024670
2026-02-22 14:12:20.655792,67964.6,67955.9,0.012802420393242739,BUY,0.001,0,0,5024682,
2026-02-22 14:12:26.752204,67964.6,67955.9,0.012802420393242739,SELL,0.001,-0.20386769999999999,5.84378719329834,5024682,5024688
2026-02-22 14:12:28.457449,67964.6,67955.91,0.01278770308572474,BUY,0.001,0,0,5024695,
2026-02-22 14:12:34.539547,67964.6,67955.91,0.01278770308572474,SELL,0.001,-0.20386773000000002,5.828905820846558,5024695,5024718
2026-02-22 14:12:36.238688,67964.6,67955.91,0.01278770308572474,BUY,0.001,0,0,5024724,
2026-02-22 14:12:42.317565,67964.6,67955.9,0.012802420393242739,SELL,0.001,-0.2038777150000093,5.830005645751953,5024724,5024742
2026-02-22 14:12:44.018492,67964.6,67955.9,0.012802420393242739,BUY,0.001,0,0,5024746,
2026-02-22 14:12:50.056589,67964.6,67955.9,0.012802420393242739,SELL,0.001,-0.20386769999999999,5.787520885467529,5024746,5024756
2026-02-22 14:12:51.750669,67964.6,67955.9,0.012802420393242739,BUY,0.001,0,0,5024757,
2026-02-22 14:12:57.826111,67964.6,67955.91,0.01278770308572474,SELL,0.001,-0.2038577149999907,5.820473670959473,5024757,5024777
2026-02-22 14:13:00.421219,67964.6,67955.9,0.012802420393242739,BUY,0.001,0,0,5024782,
2026-02-22 14:13:06.937351,67964.6,67955.9,0.012802420393242739,SELL,0.001,-0.20386769999999999,6.267060041427612,5024782,5024794
2026-02-22 14:13:08.637347,67964.6,67955.9,0.012802420393242739,BUY,0.001,0,0,5024796,
2026-02-22 14:13:15.140638,67964.6,67955.91,0.01278770308572474,SELL,0.001,-0.2038577149999907,6.25241494178772,5024796,5024812
2026-02-22 14:13:17.297249,67964.6,67955.91,0.01278770308572474,BUY,0.001,0,0,5024821,
2026-02-22 14:13:23.799255,67964.6,67955.91,0.01278770308572474,SELL,0.001,-0.20386773000000002,6.25255823135376,5024821,5024823
2026-02-22 14:13:25.490189,67964.6,67955.91,0.01278770308572474,BUY,0.001,0,0,5024829,
2026-02-22 14:13:31.537978,67964.6,67955.91,0.01278770308572474,SELL,0.001,-0.20386773000000002,5.80194878578186,5024829,5024879
2026-02-22 14:19:28.192164,68031.2,67999.88,0.04605890480982089,BUY,0.001,0,0,5026536,
2026-02-22 14:19:38.506904,68002.1,67999.88,0.0032647116436104948,SELL,0.001,-0.20399964000000004,10.069545269012451,5026536,5026562
2026-02-22 14:20:20.209446,67989.4,67981.96,0.010944079870582983,BUY,0.001,0,0,5026757,
2026-02-22 14:20:26.732705,67989.4,67981.96,0.010944079870582983,SELL,0.001,-0.20394588000000002,6.272007465362549,5026757,5026776
2026-02-22 14:20:28.553473,67989.4,67981.95,0.010958791267383606,BUY,0.001,0,0,5026779,
2026-02-22 14:20:34.691998,67989.4,67981.96,0.010944079870582983,SELL,0.001,-0.2039358649999907,5.893847465515137,5026779,5026793
2026-02-22 14:20:36.542643,67989.4,67981.95,0.010958791267383606,BUY,0.001,0,0,5026803,
2026-02-22 14:20:42.982156,67989.4,67981.95,0.010958791267383606,SELL,0.001,-0.20394585,6.193274259567261,5026803,5026839
2026-02-22 14:20:44.684555,67989.4,67981.96,0.010944079870582983,BUY,0.001,0,0,5026846,
2026-02-22 14:20:51.491703,67989.4,67981.96,0.010944079870582983,SELL,0.001,-0.20394588000000002,6.499654531478882,5026846,5026855
2026-02-22 14:20:53.850412,67989.4,67981.96,0.010944079870582983,BUY,0.001,0,0,5026859,
2026-02-22 14:20:59.924280,67989.4,67988.01,0.0020444781366588285,SELL,0.001,-0.19790495500001165,5.826239347457886,5026859,5026916
2026-02-22 14:21:12.188249,67989.4,67981.95,0.010958791267383606,BUY,0.001,0,0,5026999,
2026-02-22 14:21:18.705802,67989.4,67981.96,0.010944079870582983,SELL,0.001,-0.2039358649999907,6.272980213165283,5026999,5027015
2026-02-22 14:21:21.299483,67989.4,67981.95,0.010958791267383606,BUY,0.001,0,0,5027023,
2026-02-22 14:21:27.826331,67989.4,67981.96,0.010944079870582983,SELL,0.001,-0.2039358649999907,6.284183502197266,5027023,5027034
2026-02-22 14:21:29.516296,67989.4,67981.96,0.010944079870582983,BUY,0.001,0,0,5027049,
2026-02-22 14:21:36.046152,67989.4,67981.96,0.010944079870582983,SELL,0.001,-0.20394588000000002,6.2814977169036865,5027049,5027059
2026-02-22 14:21:37.763775,67989.4,67981.96,0.010944079870582983,BUY,0.001,0,0,5027067,
2026-02-22 14:21:43.827587,67989.4,67981.96,0.010944079870582983,SELL,0.001,-0.20394588000000002,5.817600727081299,5027067,5027074
2026-02-22 14:21:45.961049,67989.4,67981.95,0.010958791267383606,BUY,0.001,0,0,5027090,
2026-02-22 14:21:52.008318,67989.4,67981.96,0.010944079870582983,SELL,0.001,-0.2039358649999907,5.798856258392334,5027090,5027097
2026-02-22 14:21:53.698198,67989.4,67981.96,0.010944079870582983,BUY,0.001,0,0,5027102,
2026-02-22 14:22:00.183925,67989.4,67981.95,0.010958791267383606,SELL,0.001,-0.2039558650000093,6.241289138793945,5027102,5027112
2026-02-22 14:22:01.935544,67989.4,67981.96,0.010944079870582983,BUY,0.001,0,0,5027116,
2026-02-22 14:22:38.114258,67989.4,67963.76,0.03772598808541408,SELL,0.001,-0.22211858000001167,35.93478083610535,5027116,5027355
2026-02-22 14:22:39.813350,67989.4,67963.76,0.03772598808541408,BUY,0.001,0,0,5027367,
2026-02-22 14:22:46.382848,67989.4,67963.76,0.03772598808541408,SELL,0.001,-0.20389128,6.2592315673828125,5027367,5027386
2026-02-22 14:22:48.328139,67989.4,67963.77,0.037711268812766124,BUY,0.001,0,0,5027390,
2026-02-22 14:22:54.382696,67989.4,67963.76,0.03772598808541408,SELL,0.001,-0.20390129500000934,5.80423903465271,5027390,5027402
2026-02-22 14:22:56.541276,67971.6,67961.14,0.015391148529889879,BUY,0.001,0,0,5027447,
2026-02-22 14:23:02.870243,67971.6,67961.14,0.015391148529889879,SELL,0.001,-0.20388342,6.021136522293091,5027447,5027465
2026-02-22 14:23:04.918529,67971.6,67961.14,0.015391148529889879,BUY,0.001,0,0,5027473,
2026-02-22 14:23:11.566234,67971.6,67961.14,0.015391148529889879,SELL,0.001,-0.20388342,6.3888163566589355,5027473,5027485
2026-02-22 14:23:13.257771,67971.6,67961.13,0.015405865087883563,BUY,0.001,0,0,5027505,
2026-02-22 14:23:20.219131,67971.6,67961.14,0.015391148529889879,SELL,0.001,-0.20387340500000528,6.718414783477783,5027505,5027516
2026-02-22 14:23:21.910878,67971.6,67961.13,0.015405865087883563,BUY,0.001,0,0,5027519,
2026-02-22 14:23:28.496286,67971.5,67961.14,0.015244005618505784,SELL,0.001,-0.20387340500000528,6.338980436325073,5027519,5027536
2026-02-22 14:23:30.636468,67971.5,67940.99,0.0449066167566807,BUY,0.001,0,0,5027588,
2026-02-22 14:24:21.930730,67971.5,67953.03,0.02718053926366663,SELL,0.001,-0.19180103000000648,51.050457239151,5027588,5027852
2026-02-22 14:24:24.066216,67971.5,67953.02,0.02719525931297229,BUY,0.001,0,0,5027858,
2026-02-22 14:24:30.594426,67971.5,67953.03,0.02718053926366663,SELL,0.001,-0.20384907500000524,5.829128980636597,5027858,5027866
2026-02-22 14:24:32.294167,67971.5,67953.02,0.02719525931297229,BUY,0.001,0,0,5027870,
2026-02-22 14:24:38.377820,67971.5,67953.03,0.02718053926366663,SELL,0.001,-0.20384907500000524,5.832756042480469,5027870,5027890
2026-02-22 14:24:40.093839,67971.5,67953.02,0.02719525931297229,BUY,0.001,0,0,5027935,
2026-02-22 14:24:46.652052,67971.5,67959.99,0.016936435688108195,SELL,0.001,-0.19689951499999883,5.8600475788116455,5027935,5027951
2026-02-22 14:24:48.355049,67971.5,67959.98,0.016951152722534755,BUY,0.001,0,0,5027960,
2026-02-22 14:24:54.426640,67971.5,67959.99,0.016936435688108195,SELL,0.001,-0.2038699549999907,5.821979522705078,5027960,5027970
2026-02-22 14:24:56.132619,67971.5,67959.99,0.016936435688108195,BUY,0.001,0,0,5028005,
2026-02-22 14:25:02.685206,67971.5,67960.98,0.015479470719821985,SELL,0.001,-0.20289145500000932,6.306128978729248,5028005,5028027
2026-02-22 14:25:04.394081,67971.5,67960.98,0.015479470719821985,BUY,0.001,0,0,5028031,
2026-02-22 14:25:10.468037,67971.5,67960.97,0.015494187325458769,SELL,0.001,-0.20389292499999478,5.827239751815796,5028031,5028047
2026-02-22 14:25:12.175507,67971.5,67960.97,0.015494187325458769,BUY,0.001,0,0,5028054,
2026-02-22 14:25:19.563550,67971.5,67960.97,0.015494187325458769,SELL,0.001,-0.20388291,6.693655014038086,5028054,5028086
2026-02-22 14:25:21.698338,67971.5,67960.97,0.015494187325458769,BUY,0.001,0,0,5028089,
2026-02-22 14:25:27.736268,67971.5,67960.98,0.015479470719821985,SELL,0.001,-0.20387292500000526,5.786921739578247,5028089,5028096
2026-02-22 14:25:29.609624,67971.5,67960.97,0.015494187325458769,BUY,0.001,0,0,5028103,
2026-02-22 14:25:36.245464,67971.5,67955.08,0.02416302063068464,SELL,0.001,-0.2097640749999994,6.388158321380615,5028103,5028170
2026-02-22 14:26:32.904842,67962.7,67949.85,0.018911005690213104,BUY,0.001,0,0,5028347,
2026-02-22 14:26:38.972435,67962.7,67949.85,0.018911005690213104,SELL,0.001,-0.20384955000000002,5.824412107467651,5028347,5028355
2026-02-22 14:26:40.664097,67962.7,67949.84,0.01892572521142152,BUY,0.001,0,0,5028400,
2026-02-22 14:26:46.702293,67962.7,67954.0,0.012802778350056053,SELL,0.001,-0.1996957599999965,5.7965614795684814,5028400,5028417
2026-02-22 14:26:48.850576,67962.7,67954.0,0.012802778350056053,BUY,0.001,0,0,5028424,
2026-02-22 14:26:55.785781,67962.7,67954.0,0.012802778350056053,SELL,0.001,-0.203862,6.241938829421997,5028424,5028436
2026-02-22 14:26:57.482483,67962.7,67953.99,0.012817496073434171,BUY,0.001,0,0,5028453,
2026-02-22 14:27:03.521561,67962.7,67954.0,0.012802778350056053,SELL,0.001,-0.20385198500000523,5.7962071895599365,5028453,5028459
2026-02-22 14:27:05.673381,67962.7,67953.99,0.012817496073434171,BUY,0.001,0,0,5028463,
2026-02-22 14:27:12.283196,67962.7,67953.99,0.012817496073434171,SELL,0.001,-0.20386197000000003,6.363133668899536,5028463,5028483
2026-02-22 14:27:13.974795,67962.7,67954.0,0.012802778350056053,BUY,0.001,0,0,5028493,
2026-02-22 14:27:20.492007,67962.7,67952.99,0.014289290287288094,SELL,0.001,-0.20487048499999475,5.822493553161621,5028493,5028524
2026-02-22 14:27:22.638628,67962.7,67952.99,0.014289290287288094,BUY,0.001,0,0,5028534,
2026-02-22 14:27:28.685544,67962.7,67953.0,0.014274572130733139,SELL,0.001,-0.20384898500000523,5.803865194320679,5028534,5028538
2026-02-22 14:27:31.273046,67962.7,67952.99,0.014289290287288094,BUY,0.001,0,0,5028547,
2026-02-22 14:27:37.324046,67962.7,67953.0,0.014274572130733139,SELL,0.001,-0.20384898500000523,5.805252552032471,5028547,5028571
2026-02-22 14:27:39.013522,67962.7,67952.99,0.014289290287288094,BUY,0.001,0,0,5028573,
2026-02-22 14:27:45.062668,67962.7,67952.99,0.014289290287288094,SELL,0.001,-0.20385897000000003,5.804672479629517,5028573,5028582
2026-02-22 14:27:46.755213,67962.7,67952.99,0.014289290287288094,BUY,0.001,0,0,5028590,
2026-02-22 14:27:52.858115,67953.8,67953.0,0.0011772842994465446,SELL,0.001,-0.20384898500000523,5.848860263824463,5028590,5028606
2026-02-22 14:28:39.641404,67953.8,67942.36,0.016837801925046948,BUY,0.001,0,0,5028730,
2026-02-22 14:28:46.153924,67953.8,67942.35,0.016852522763780013,SELL,0.001,-0.2038370649999948,6.267272472381592,5028730,5028747
2026-02-22 14:28:47.847343,67953.8,67942.35,0.016852522763780013,BUY,0.001,0,0,5028752,
2026-02-22 14:28:54.350015,67953.8,67942.36,0.016837801925046948,SELL,0.001,-0.20381706500000527,5.809734582901001,5028752,5028777
2026-02-22 14:28:56.039606,67953.8,67942.35,0.016852522763780013,BUY,0.001,0,0,5028778,
2026-02-22 14:29:02.539230,67953.8,67942.35,0.016852522763780013,SELL,0.001,-0.20382705,6.2570483684539795,5028778,5028791
2026-02-22 14:29:04.228560,67953.8,67942.35,0.016852522763780013,BUY,0.001,0,0,5028792,
2026-02-22 14:29:10.914425,67953.8,67942.35,0.016852522763780013,SELL,0.001,-0.20382705,6.379114627838135,5028792,5028806
2026-02-22 14:29:12.611227,67953.8,67942.36,0.016837801925046948,BUY,0.001,0,0,5028816,
2026-02-22 14:29:19.125357,67953.8,67942.35,0.016852522763780013,SELL,0.001,-0.2038370649999948,6.269270420074463,5028816,5028821
2026-02-22 14:29:20.826860,67953.8,67942.35,0.016852522763780013,BUY,0.001,0,0,5028825,
2026-02-22 14:29:26.868006,67953.8,67942.36,0.016837801925046948,SELL,0.001,-0.20381706500000527,5.7950825691223145,5028825,5028832
2026-02-22 14:29:28.571102,67953.8,67923.8,0.044167140236559196,BUY,0.001,0,0,5028901,
2026-02-22 14:29:46.784379,67953.8,67930.52,0.03427031031118094,SELL,0.001,-0.19706147999999885,17.96809220314026,5028901,5028986
2026-02-22 14:29:48.576911,67953.8,67930.51,0.03428503628194187,BUY,0.001,0,0,5028989,
2026-02-22 14:29:55.260974,67953.8,67930.52,0.03427031031118094,SELL,0.001,-0.2037815449999907,6.440500259399414,5028989,5028994
2026-02-22 14:29:56.955277,67953.8,67930.51,0.03428503628194187,BUY,0.001,0,0,5028997,
2026-02-22 14:30:03.720266,67953.8,67930.51,0.03428503628194187,SELL,0.001,-0.20379153,6.064912557601929,5028997,5029034
2026-02-22 14:30:05.419080,67953.8,67930.51,0.03428503628194187,BUY,0.001,0,0,5029037,
2026-02-22 14:30:11.933990,67941.0,67930.51,0.015442251206424389,SELL,0.001,-0.20379153,6.270057916641235,5029037,5029043
2026-02-22 14:30:14.528180,67941.0,67930.51,0.015442251206424389,BUY,0.001,0,0,5029050,
2026-02-22 14:30:20.586670,67941.0,67930.51,0.015442251206424389,SELL,0.001,-0.20379153,5.814887523651123,5029050,5029077
2026-02-22 14:30:22.309553,67941.0,67930.51,0.015442251206424389,BUY,0.001,0,0,5029078,
2026-02-22 14:30:27.966405,67941.0,67930.52,0.015427528009495473,SELL,0.001,-0.2037815449999907,5.352142095565796,5029078,5029079
2026-02-22 14:30:29.660421,67941.0,67930.51,0.015442251206424389,BUY,0.001,0,0,5029086,
2026-02-22 14:30:35.692062,67941.0,67930.52,0.015427528009495473,SELL,0.001,-0.2037815449999907,5.788864850997925,5029086,5029088
2026-02-22 14:30:37.390447,67941.0,67930.51,0.015442251206424389,BUY,0.001,0,0,5029136,
2026-02-22 14:30:39.090098,67941.0,67941.86,-0.0012657881312059783,SELL,0.001,-0.19245855499999415,1.4536404609680176,5029136,5029146
2026-02-22 14:31:16.061970,67964.4,67954.0,0.015304470671327926,BUY,0.001,0,0,5029301,
2026-02-22 14:31:22.567687,67964.4,67954.0,0.015304470671327926,SELL,0.001,-0.203862,6.259955167770386,5029301,5029320
2026-02-22 14:31:24.270524,67964.4,67953.99,0.015319188762851071,BUY,0.001,0,0,5029326,
2026-02-22 14:31:30.568509,67964.4,67954.0,0.015304470671327926,SELL,0.001,-0.20385198500000523,6.051849842071533,5029326,5029346
2026-02-22 14:31:32.274630,67964.4,67953.99,0.015319188762851071,BUY,0.001,0,0,5029352,
2026-02-22 14:31:38.767975,67964.4,67954.0,0.015304470671327926,SELL,0.001,-0.20385198500000523,6.2434773445129395,5029352,5029364
2026-02-22 14:31:40.469216,67964.4,67954.0,0.015304470671327926,BUY,0.001,0,0,5029376,
2026-02-22 14:31:46.504236,67964.4,67973.84,-0.013887695619376996,SELL,0.001,-0.1840517600000035,5.786785125732422,5029376,5029444
2026-02-22 14:32:04.586625,67941.0,67910.4,0.04505937234945726,BUY,0.001,0,0,5029555,
2026-02-22 14:32:28.986869,67941.0,67917.48,0.0346302601333325,SELL,0.001,-0.19666181999999827,24.155829668045044,5029555,5029642
2026-02-22 14:32:30.694252,67941.0,67917.48,0.0346302601333325,BUY,0.001,0,0,5029644,
2026-02-22 14:32:36.740948,67941.0,67917.49,0.03461553128655779,SELL,0.001,-0.2037424549999907,5.801762104034424,5029644,5029647
2026-02-22 14:32:38.440484,67941.0,67917.48,0.0346302601333325,BUY,0.001,0,0,5029695,
2026-02-22 14:33:19.764370,67906.3,67901.75,0.006700858225307757,SELL,0.001,-0.2194588449999959,41.07986235618591,5029695,5029910
2026-02-22 14:33:31.591961,67906.3,67896.1,0.015022954190295302,BUY,0.001,0,0,5029967,
2026-02-22 14:33:37.627960,67837.6,67896.11,-0.08617577649145844,SELL,0.001,-0.20367831500000527,5.789768218994141,5029967,5029980
2026-02-22 14:33:48.070373,67849.4,67840.24,0.013502310722941046,BUY,0.001,0,0,5030081,
2026-02-22 14:33:54.104256,67849.4,67840.23,0.013517053229327575,SELL,0.001,-0.2035307050000093,5.790542125701904,5030081,5030088
2026-02-22 14:33:55.816640,67849.4,67840.23,0.013517053229327575,BUY,0.001,0,0,5030090,
2026-02-22 14:34:01.889725,67849.2,67840.24,0.013207500445151506,SELL,0.001,-0.2035107049999907,5.821820259094238,5030090,5030100
2026-02-22 14:34:03.580584,67849.2,67840.23,0.01322224290808148,BUY,0.001,0,0,5030105,
2026-02-22 14:34:05.266972,67849.2,67851.78,-0.00380240577329253,SELL,0.001,-0.19198801499999713,1.4421651363372803,5030105,5030160
2026-02-22 14:34:22.394959,67849.2,67838.21,0.016200309530559082,BUY,0.001,0,0,5030237,
2026-02-22 14:34:28.873558,67849.2,67834.55,0.021596664236726237,SELL,0.001,-0.20716914000000353,6.234991550445557,5030237,5030253
2026-02-22 14:34:30.567137,67849.2,67834.54,0.021611409172972197,BUY,0.001,0,0,5030262,
2026-02-22 14:34:36.643107,67849.2,67834.54,0.021611409172972197,SELL,0.001,-0.20350362,5.832122564315796,5030262,5030274
2026-02-22 14:34:38.801602,67849.2,67834.55,0.021596664236726237,BUY,0.001,0,0,5030284,
2026-02-22 14:34:44.840013,67849.2,67826.7,0.03317277709220705,SELL,0.001,-0.2113418750000058,5.795909643173218,5030284,5030343
2026-02-22 14:34:46.541886,67849.2,67826.69,0.033187525441673124,BUY,0.001,0,0,5030352,
2026-02-22 14:34:52.588292,67849.2,67826.69,0.033187525441673124,SELL,0.001,-0.20348007,5.804287433624268,5030352,5030360
2026-02-22 14:34:54.283408,67849.2,67826.7,0.03317277709220705,BUY,0.001,0,0,5030371,
2026-02-22 14:34:57.432292,67849.2,67838.58,0.01565480881232382,SELL,0.001,-0.19161791999999533,2.904510974884033,5030371,5030425
2026-02-22 14:34:59.121859,67849.2,67840.38,0.013001106420678117,BUY,0.001,0,0,5030430,
2026-02-22 14:35:05.619821,67849.2,67840.39,0.012986364022962826,SELL,0.001,-0.20351115500000527,6.2519025802612305,5030430,5030443
2026-02-22 14:35:07.327619,67849.2,67840.38,0.013001106420678117,BUY,0.001,0,0,5030447,
2026-02-22 14:35:13.366373,67849.2,67840.38,0.013001106420678117,SELL,0.001,-0.20352114000000004,5.790294647216797,5030447,5030453
2026-02-22 14:35:15.518944,67849.2,67840.38,0.013001106420678117,BUY,0.001,0,0,5030513,
2026-02-22 14:35:21.573567,67849.2,67831.08,0.026713418096830158,SELL,0.001,-0.21280719000000295,5.807677507400513,5030513,5030521
2026-02-22 14:35:23.283693,67849.2,67831.07,0.026728164541691742,BUY,0.001,0,0,5030522,
2026-02-22 14:35:29.825495,67849.2,67831.07,0.026728164541691742,SELL,0.001,-0.20349321000000004,6.287895679473877,5030522,5030528
2026-02-22 14:35:31.520792,67849.2,67831.07,0.026728164541691742,BUY,0.001,0,0,5030581,
2026-02-22 14:35:37.590482,67721.7,67820.26,-0.14532530544707095,SELL,0.001,-0.21428699500001225,5.824706315994263,5030581,5030604
2026-02-22 14:35:49.453112,67763.9,67733.66,0.044645453973682636,BUY,0.001,0,0,5030700,
2026-02-22 14:36:13.373102,67694.8,67735.7,-0.0603817484723627,SELL,0.001,-0.2011640400000064,23.67213010787964,5030700,5030826
2026-02-22 14:36:40.239915,67724.6,67705.83,0.02772287113237379,BUY,0.001,0,0,5031001,
2026-02-22 14:36:46.304996,67724.6,67708.58,0.023660221496306783,SELL,0.001,-0.20037161500000003,5.821080207824707,5031001,5031026
2026-02-22 14:36:47.996158,67724.6,67708.57,0.02367499416986481,BUY,0.001,0,0,5031036,
2026-02-22 14:36:54.483731,67724.6,67708.57,0.02367499416986481,SELL,0.001,-0.20312571000000004,6.244240999221802,5031036,5031048
2026-02-22 14:36:56.633307,67724.6,67708.58,0.023660221496306783,BUY,0.001,0,0,5031056,
2026-02-22 14:36:58.336611,67724.6,67729.76,-0.007618512157711679,SELL,0.001,-0.181977510000007,1.4580106735229492,5031056,5031113
2026-02-22 14:39:28.882130,67650.4,67643.01,0.010925001711188514,BUY,0.001,0,0,5031931,
2026-02-22 14:39:34.934471,67650.4,67643.01,0.010925001711188514,SELL,0.001,-0.20292902999999998,5.808203935623169,5031931,5031948
2026-02-22 14:39:36.636392,67650.4,67643.0,0.010939786821983323,BUY,0.001,0,0,5031956,
2026-02-22 14:39:42.664422,67644.9,67643.0,0.0028088641840163494,SELL,0.001,-0.202929,5.784218788146973,5031956,5031980
2026-02-22 14:40:21.357274,67644.9,67635.22,0.014312069954075725,BUY,0.001,0,0,5032197,
2026-02-22 14:40:27.420781,67644.9,67635.22,0.014312069954075725,SELL,0.001,-0.20290566000000002,5.813255786895752,5032197,5032208
2026-02-22 14:40:30.010785,67644.9,67635.21,0.014326857268555497,BUY,0.001,0,0,5032214,
2026-02-22 14:40:36.062220,67644.9,67635.21,0.014326857268555497,SELL,0.001,-0.20290563000000003,5.803204298019409,5032214,5032234
2026-02-22 14:40:37.761918,67644.9,67635.21,0.014326857268555497,BUY,0.001,0,0,5032282,
2026-02-22 14:40:43.823034,67644.9,67641.31,0.005307407559073748,SELL,0.001,-0.19681478000000877,5.808454990386963,5032282,5032293
2026-02-22 14:40:54.665703,67644.9,67615.02,0.04419136458140529,BUY,0.001,0,0,5032370,
2026-02-22 14:41:22.959046,67626.0,67617.49,0.012585501177276413,SELL,0.001,-0.20037876499999885,28.048868417739868,5032370,5032473
2026-02-22 14:41:25.102900,67626.0,67617.49,0.012585501177276413,BUY,0.001,0,0,5032484,
2026-02-22 14:41:31.618063,67626.0,67620.95,0.007468099753113363,SELL,0.001,-0.19939766000000816,6.27058744430542,5032484,5032538
2026-02-22 14:42:04.196187,67626.0,67587.95,0.05629701744172284,BUY,0.001,0,0,5032719,
2026-02-22 14:42:14.026331,67603.0,67587.94,0.02228208168498355,SELL,0.001,-0.2027738349999948,9.585484266281128,5032719,5032742
2026-02-22 14:42:16.181056,67603.0,67587.94,0.02228208168498355,BUY,0.001,0,0,5032750,
2026-02-22 14:42:22.671450,67603.0,67587.94,0.02228208168498355,SELL,0.001,-0.20276382,5.801354169845581,5032750,5032808
2026-02-22 14:42:24.360847,67603.0,67587.15,0.02345120337224727,BUY,0.001,0,0,5032825,
2026-02-22 14:42:31.316712,67603.0,67587.16,0.02343640419274387,SELL,0.001,-0.2027514649999907,6.261217355728149,5032825,5032841
2026-02-22 14:42:33.011193,67618.8,67587.15,0.04682842818495636,BUY,0.001,0,0,5032846,
2026-02-22 14:42:39.058923,67618.8,67599.0,0.029290374117964632,SELL,0.001,-0.19092922499999418,5.801553726196289,5032846,5032906
2026-02-22 14:42:40.751357,67618.8,67602.84,0.02360847562026448,BUY,0.001,0,0,5032915,
2026-02-22 14:42:46.777243,67618.8,67602.84,0.02360847562026448,SELL,0.001,-0.20280852,5.783725738525391,5032915,5032923
2026-02-22 14:42:48.656104,67618.8,67602.83,0.02362327139263425,BUY,0.001,0,0,5032927,
2026-02-22 14:42:54.694262,67618.8,67602.83,0.02362327139263425,SELL,0.001,-0.20280849,5.791896820068359,5032927,5032933
2026-02-22 14:42:56.397367,67618.8,67602.83,0.02362327139263425,BUY,0.001,0,0,5032987,
2026-02-22 14:42:58.100191,67618.8,67615.81,0.00442204271457406,SELL,0.001,-0.1898479600000041,1.4554266929626465,5032987,5033003
2026-02-22 14:43:14.717280,67618.8,67597.7,0.031214079768994835,BUY,0.001,0,0,5033096,
2026-02-22 14:43:20.198218,67618.8,67597.7,0.031214079768994835,SELL,0.001,-0.2027931,5.236398935317993,5033096,5033102
2026-02-22 14:43:22.797642,67618.8,67597.69,0.03122887779153486,BUY,0.001,0,0,5033113,
2026-02-22 14:43:28.867703,67618.8,67597.7,0.031214079768994835,SELL,0.001,-0.20278308500000525,5.825895547866821,5033113,5033126
2026-02-22 14:43:31.472312,67618.8,67597.7,0.031214079768994835,BUY,0.001,0,0,5033158,
2026-02-22 14:43:37.975614,67618.8,67597.69,0.03122887779153486,SELL,0.001,-0.20280308499999478,5.805832147598267,5033158,5033175
2026-02-22 14:43:39.679428,67618.8,67597.69,0.03122887779153486,BUY,0.001,0,0,5033178,
2026-02-22 14:43:45.716469,67618.8,67597.7,0.031214079768994835,SELL,0.001,-0.20278308500000525,5.793219804763794,5033178,5033189
2026-02-22 14:43:47.858866,67618.8,67597.69,0.03122887779153486,BUY,0.001,0,0,5033235,
2026-02-22 14:43:50.009524,67618.8,67617.75,0.0015528467007596533,SELL,0.001,-0.18276316000000234,1.9039981365203857,5033235,5033248
2026-02-22 14:44:05.685373,67618.8,67604.39,0.02131518382164752,BUY,0.001,0,0,5033344,
2026-02-22 14:44:12.171158,67618.8,67604.39,0.02131518382164752,SELL,0.001,-0.20281317000000001,6.244063377380371,5033344,5033357
2026-02-22 14:44:13.888382,67618.8,67604.38,0.02132997891556472,BUY,0.001,0,0,5033360,
2026-02-22 14:44:20.404791,67618.8,67604.38,0.02132997891556472,SELL,0.001,-0.20281314,6.265872955322266,5033360,5033372
2026-02-22 14:44:22.551185,67618.8,67604.38,0.02132997891556472,BUY,0.001,0,0,5033408,
2026-02-22 14:44:28.614563,67618.8,67604.7,0.020856538080940856,SELL,0.001,-0.20249362000000762,5.815600872039795,5033408,5033426
2026-02-22 14:44:30.318839,67618.8,67604.7,0.020856538080940856,BUY,0.001,0,0,5033434,
2026-02-22 14:44:36.836409,67618.8,67604.7,0.020856538080940856,SELL,0.001,-0.2028141,6.2704949378967285,5033434,5033443
2026-02-22 14:44:38.987948,67618.8,67604.69,0.020871333039173143,BUY,0.001,0,0,5033453,
2026-02-22 14:44:40.679929,67618.8,67624.13,-0.00788180195442329,SELL,0.001,-0.1834032299999977,1.4506034851074219,5033453,5033515
2026-02-22 14:45:51.142937,67658.4,67645.0,0.019809298543860123,BUY,0.001,0,0,5033913,
2026-02-22 14:45:57.656851,67658.4,67645.01,0.019794512559018648,SELL,0.001,-0.20292501500000526,5.817232370376587,5033913,5033919
2026-02-22 14:48:22.935458,67701.4,67687.39,0.020698094578613182,BUY,0.001,0,0,5034621,
2026-02-22 14:48:29.551444,67701.4,67687.38,0.020712871439239517,SELL,0.001,-0.2030721549999948,6.30131196975708,5034621,5034630
2026-02-22 14:48:31.590542,67701.4,67687.38,0.020712871439239517,BUY,0.001,0,0,5034645,
2026-02-22 14:48:37.823751,67696.3,67687.39,0.013163456295188058,SELL,0.001,-0.20305215500000526,5.983385324478149,5034645,5034722
2026-02-22 14:48:57.191217,67696.3,67687.4,0.013148680552080199,BUY,0.001,0,0,5034813,
2026-02-22 14:49:03.846892,67696.3,67687.4,0.013148680552080199,SELL,0.001,-0.2030622,6.364069938659668,5034813,5034822
2026-02-22 14:49:05.536182,67696.3,67687.4,0.013148680552080199,BUY,0.001,0,0,5034824,
2026-02-22 14:49:11.736554,67696.3,67687.4,0.013148680552080199,SELL,0.001,-0.2030622,5.892426490783691,5034824,5034873
2026-02-22 14:49:45.443258,67696.3,67687.38,0.0131782320426618,BUY,0.001,0,0,5034992,
2026-02-22 14:49:51.965600,67696.3,67682.49,0.020404095653096792,SELL,0.001,-0.20794480499999943,6.275841951370239,5034992,5035004
2026-02-22 14:49:53.663921,67696.3,67682.5,0.020389317770476728,BUY,0.001,0,0,5035006,
2026-02-22 14:50:00.351333,67696.3,67682.5,0.020389317770476728,SELL,0.001,-0.20304750000000002,5.992161989212036,5035006,5035010
2026-02-22 14:50:02.044186,67696.3,67682.49,0.020404095653096792,BUY,0.001,0,0,5035061,
2026-02-22 14:50:08.537766,67696.3,67686.76,0.01409433691316906,SELL,0.001,-0.1987838750000105,6.242234468460083,5035061,5035073
2026-02-22 14:50:10.237921,67696.3,67686.77,0.014079560894985585,BUY,0.001,0,0,5035078,
2026-02-22 14:50:16.740270,67696.3,67686.76,0.01409433691316906,SELL,0.001,-0.2030702950000093,6.258970737457275,5035078,5035095
2026-02-22 14:50:18.433453,67696.3,67686.76,0.01409433691316906,BUY,0.001,0,0,5035099,
2026-02-22 14:50:28.878988,67652.3,67658.91,-0.009769592800121346,SELL,0.001,-0.23086850499999126,10.202149152755737,5035099,5035197
2026-02-22 14:50:45.572018,67645.8,67650.0,-0.0062084257206165405,BUY,0.001,0,0,5035273,
2026-02-22 14:50:52.518673,67613.0,67654.66,-0.061577428664933785,SELL,0.001,-0.19829698999999654,6.2403106689453125,5035273,5035297
2026-02-22 14:51:11.823019,67613.0,67604.14,0.013105706248168501,BUY,0.001,0,0,5035461,
2026-02-22 14:51:17.865569,67613.0,67604.15,0.013090912318261263,SELL,0.001,-0.2028024350000052,5.796168804168701,5035461,5035473
2026-02-22 14:51:19.559688,67613.0,67604.14,0.013105706248168501,BUY,0.001,0,0,5035474,
2026-02-22 14:51:25.631123,67613.0,67604.15,0.013090912318261263,SELL,0.001,-0.2028024350000052,5.818706512451172,5035474,5035495
2026-02-22 14:51:27.332411,67613.0,67604.14,0.013105706248168501,BUY,0.001,0,0,5035498,
2026-02-22 14:51:33.367297,67613.0,67604.14,0.013105706248168501,SELL,0.001,-0.20281242000000002,5.789955377578735,5035498,5035533
2026-02-22 14:51:35.052535,67613.0,67604.15,0.013090912318261263,BUY,0.001,0,0,5035535,
2026-02-22 14:51:41.268061,67605.2,67604.15,0.0015531590886105518,SELL,0.001,-0.20281244999999998,5.846028566360474,5035535,5035539
2026-02-22 14:54:42.355546,67629.8,67622.45,0.010869171406841694,BUY,0.001,0,0,5036152,
2026-02-22 14:54:48.425876,67629.8,67622.46,0.01085438181337459,SELL,0.001,-0.2028573649999907,5.8188254833221436,5036152,5036162
2026-02-22 14:54:50.580970,67629.8,67622.45,0.010869171406841694,BUY,0.001,0,0,5036164,
2026-02-22 14:54:56.638364,67629.8,67622.45,0.010869171406841694,SELL,0.001,-0.20286735,5.812959432601929,5036164,5036223
2026-02-22 14:54:58.333360,67629.8,67619.83,0.01474419560061178,BUY,0.001,0,0,5036230,
2026-02-22 14:55:04.857275,67629.8,67619.84,0.014729404861068,SELL,0.001,-0.20284950500000523,5.828444242477417,5036230,5036240
2026-02-22 14:55:06.571866,67629.8,67619.84,0.014729404861068,BUY,0.001,0,0,5036247,
2026-02-22 14:55:13.622291,67629.8,67619.84,0.014729404861068,SELL,0.001,-0.20285952000000002,6.8034868240356445,5036247,5036310
2026-02-22 14:55:31.319962,67647.4,67626.02,0.03161504994673663,BUY,0.001,0,0,5036392,
2026-02-22 14:55:37.350281,67647.4,67626.02,0.03161504994673663,SELL,0.001,-0.20287806,5.786828279495239,5036392,5036406
2026-02-22 14:55:39.057965,67647.4,67626.01,0.03162984183156661,BUY,0.001,0,0,5036414,
2026-02-22 14:55:45.123613,67647.4,67626.01,0.03162984183156661,SELL,0.001,-0.20287803,5.8094141483306885,5036414,5036417
2026-02-22 14:55:47.356114,67647.4,67626.01,0.03162984183156661,BUY,0.001,0,0,5036421,
2026-02-22 14:56:57.357391,67647.4,67628.46,0.028005960804057605,SELL,0.001,-0.20043170499998839,69.75044298171997,5036421,5036780
2026-02-22 14:56:59.051870,67647.4,67628.47,0.02799116999097128,BUY,0.001,0,0,5036792,
2026-02-22 14:57:05.101422,67647.4,67628.47,0.02799116999097128,SELL,0.001,-0.20288541000000002,5.808055877685547,5036792,5036803
2026-02-22 14:57:06.797393,67647.4,67628.47,0.02799116999097128,BUY,0.001,0,0,5036812,
2026-02-22 14:57:13.283696,67647.4,67628.46,0.028005960804057605,SELL,0.001,-0.20289539499999476,6.245913743972778,5036812,5036836
2026-02-22 14:57:22.700706,67647.4,67610.09,0.05518407089828999,BUY,0.001,0,0,5036895,
2026-02-22 14:57:34.890490,67647.4,67622.11,0.03739901047156558,SELL,0.001,-0.19082829999999595,11.945264101028442,5036895,5036966
2026-02-22 14:57:36.591573,67647.4,67622.12,0.03738421688051016,BUY,0.001,0,0,5036973,
2026-02-22 14:57:42.625434,67647.4,67622.11,0.03739901047156558,SELL,0.001,-0.20287634499999474,5.7907395362854,5036973,5036981
2026-02-22 14:57:44.764170,67647.4,67622.11,0.03739901047156558,BUY,0.001,0,0,5036982,
2026-02-22 14:57:51.272868,67647.4,67622.12,0.03738421688051016,SELL,0.001,-0.2028563450000052,6.260004758834839,5036982,5037031
2026-02-22 14:57:53.416788,67647.4,67630.5,0.024988725501059697,BUY,0.001,0,0,5037035,
2026-02-22 14:57:59.455831,67647.4,67630.5,0.024988725501059697,SELL,0.001,-0.2028915,5.795430660247803,5037035,5037047
2026-02-22 14:58:01.146649,67647.4,67630.5,0.024988725501059697,BUY,0.001,0,0,5037053,
2026-02-22 14:58:07.180892,67647.4,67652.58,-0.0076567663790613255,SELL,0.001,-0.1808446199999983,5.791643857955933,5037053,5037102
2026-02-22 15:01:28.972428,67647.4,67612.31,0.05189883321542558,BUY,0.001,0,0,5037784,
2026-02-22 15:01:46.828343,67609.1,67612.31,-0.00474765615905129,SELL,0.001,-0.20283693,17.545023679733276,5037784,5037885
2026-02-22 15:02:23.839088,67629.4,67621.6,0.011534775870414717,BUY,0.001,0,0,5038049,
2026-02-22 15:02:30.348135,67617.4,67621.61,-0.006225820414518973,SELL,0.001,-0.2028548150000053,5.81568455696106,5038049,5038057
2026-02-22 15:04:40.548132,67573.9,67543.28,0.045333895540748605,BUY,0.001,0,0,5038588,
2026-02-22 15:04:51.397418,67569.0,67543.28,0.0380792878284874,SELL,0.001,-0.20262984,10.60289716720581,5038588,5038625
2026-02-22 15:04:53.546249,67569.0,67543.28,0.0380792878284874,BUY,0.001,0,0,5038628,
2026-02-22 15:05:05.828482,67560.6,67536.35,0.03590658956250967,SELL,0.001,-0.20954944499999303,12.036943435668945,5038628,5038717
2026-02-22 15:05:07.566520,67560.6,67536.35,0.03590658956250967,BUY,0.001,0,0,5038725,
2026-02-22 15:05:13.696137,67560.6,67536.34,0.03592140172240502,SELL,0.001,-0.20261903500000933,5.880916118621826,5038725,5038776
2026-02-22 15:05:15.396335,67560.6,67543.98,0.024606189922491827,BUY,0.001,0,0,5038787,
2026-02-22 15:05:21.555697,67560.6,67543.97,0.024620998736089476,SELL,0.001,-0.20264192499999478,5.833912134170532,5038787,5038803
2026-02-22 15:05:23.810015,67560.6,67543.97,0.024620998736089476,BUY,0.001,0,0,5038810,
2026-02-22 15:05:30.023413,67560.6,67543.98,0.024606189922491827,SELL,0.001,-0.20262192500000525,5.972609758377075,5038810,5038836
2026-02-22 15:05:31.711151,67560.6,67525.01,0.05270639722972431,BUY,0.001,0,0,5038895,
2026-02-22 15:05:43.628810,67542.5,67525.0,0.025916327286190304,SELL,0.001,-0.2025850149999948,11.66915225982666,5038895,5038924
2026-02-22 15:05:45.334434,67542.5,67525.0,0.025916327286190304,BUY,0.001,0,0,5038933,
2026-02-22 15:05:56.201096,67528.6,67508.0,0.030514901937556765,SELL,0.001,-0.2195495,10.61937427520752,5038933,5039010
2026-02-22 15:05:58.360504,67528.6,67508.01,0.03050008436037599,BUY,0.001,0,0,5039014,
2026-02-22 15:06:04.846317,67500.1,67508.01,-0.011717128085969267,SELL,0.001,-0.20252403,6.239615440368652,5039014,5039034
2026-02-22 15:06:06.541803,67500.1,67488.64,0.016980635555860074,BUY,0.001,0,0,5039098,
2026-02-22 15:06:12.771556,67500.1,67488.64,0.016980635555860074,SELL,0.001,-0.20246592000000002,5.974801063537598,5039098,5039113
2026-02-22 15:06:14.923081,67515.8,67488.63,0.040258633194951876,BUY,0.001,0,0,5039123,
2026-02-22 15:06:24.533112,67523.0,67534.61,-0.017191185378875484,SELL,0.001,-0.15655486000000407,9.302945613861084,5039123,5039218
2026-02-22 15:07:03.729185,67551.4,67540.97,0.015442478839129812,BUY,0.001,0,0,5039430,
2026-02-22 15:07:10.227121,67553.1,67544.06,0.01338385640426138,SELL,0.001,-0.19953754500000348,6.25254487991333,5039430,5039445
2026-02-22 15:07:11.930508,67553.1,67544.06,0.01338385640426138,BUY,0.001,0,0,5039461,
2026-02-22 15:07:17.972483,67566.9,67564.1,0.004144212680977558,SELL,0.001,-0.18262223999999183,5.797454118728638,5039461,5039518
2026-02-22 15:07:50.677536,67566.9,67554.67,0.018103855736392355,BUY,0.001,0,0,5039649,
2026-02-22 15:07:57.186629,67566.9,67546.25,0.030571645354100604,SELL,0.001,-0.21107137999999825,6.264861345291138,5039649,5039671
2026-02-22 15:07:58.892005,67566.9,67546.25,0.030571645354100604,BUY,0.001,0,0,5039678,
2026-02-22 15:08:05.857233,67566.9,67546.25,0.030571645354100604,SELL,0.001,-0.20263875,6.266614675521851,5039678,5039693
2026-02-22 15:08:07.552247,67566.9,67546.24,0.030586454553190437,BUY,0.001,0,0,5039745,
2026-02-22 15:08:14.506835,67563.6,67550.55,0.019318865649506793,SELL,0.001,-0.19833518500000236,6.25716757774353,5039745,5039763
2026-02-22 15:08:16.199429,67563.6,67550.54,0.019333672240091974,BUY,0.001,0,0,5039766,
2026-02-22 15:08:20.806275,67563.6,67559.62,0.0058910929339307675,SELL,0.001,-0.19358523999999822,4.350366115570068,5039766,5039818
2026-02-22 15:08:51.962942,67615.8,67586.61,0.04318902812258572,BUY,0.001,0,0,5039934,
2026-02-22 15:08:54.562267,67615.8,67638.1,-0.03296958371096011,SELL,0.001,-0.15134706499999478,1.9007785320281982,5039934,5040010
2026-02-22 15:09:11.666430,67615.8,67596.67,0.028300210646478086,BUY,0.001,0,0,5040110,
2026-02-22 15:09:18.166443,67615.8,67596.66,0.028315008463435057,SELL,0.001,-0.2027999949999948,5.805051803588867,5040110,5040121
2026-02-22 15:09:20.304888,67615.8,67596.66,0.028315008463435057,BUY,0.001,0,0,5040128,
2026-02-22 15:09:25.809636,67615.8,67596.67,0.028300210646478086,SELL,0.001,-0.20277999500000526,5.262359142303467,5040128,5040158
2026-02-22 15:09:27.953893,67615.8,67596.67,0.028300210646478086,BUY,0.001,0,0,5040202,
2026-02-22 15:09:34.026702,67578.5,67574.83,0.005431016252646516,SELL,0.001,-0.2245972499999965,5.825361967086792,5040202,5040213
2026-02-22 15:09:47.375309,67584.9,67571.32,0.02009728387722364,BUY,0.001,0,0,5040274,
2026-02-22 15:09:53.878405,67584.9,67571.32,0.02009728387722364,SELL,0.001,-0.20271396000000003,5.805569887161255,5040274,5040290
2026-02-22 15:09:56.029511,67584.9,67571.31,0.020112086031773706,BUY,0.001,0,0,5040293,
2026-02-22 15:10:03.130910,67584.9,67582.81,0.0030925023685705105,SELL,0.001,-0.19123118,6.410305500030518,5040293,5040350
2026-02-22 15:10:29.400614,67590.2,67579.31,0.016114399510736968,BUY,0.001,0,0,5040426,
2026-02-22 15:10:35.466329,67590.2,67579.31,0.016114399510736968,SELL,0.001,-0.20273793,5.823875188827515,5040426,5040436
2026-02-22 15:10:37.162618,67590.2,67579.3,0.016129199325820447,BUY,0.001,0,0,5040482,
2026-02-22 15:10:42.661116,67583.5,67585.63,-0.0031515575130462736,SELL,0.001,-0.19641739499999825,5.253698825836182,5040482,5040498
2026-02-22 15:12:22.405434,67594.8,67573.48,0.03155083917537914,BUY,0.001,0,0,5040849,
2026-02-22 15:12:28.906780,67594.8,67573.48,0.03155083917537914,SELL,0.001,-0.20272044,5.804601430892944,5040849,5040867
2026-02-22 15:12:30.614614,67594.8,67573.47,0.03156564255173184,BUY,0.001,0,0,5040868,
2026-02-22 15:12:36.680435,67594.8,67573.47,0.03156564255173184,SELL,0.001,-0.20272041000000002,5.817579984664917,5040868,5040876
2026-02-22 15:12:38.378043,67594.8,67573.48,0.03155083917537914,BUY,0.001,0,0,5040920,
2026-02-22 15:12:40.075229,67594.8,67584.8,0.014796226370426485,SELL,0.001,-0.19141741999999304,1.4574103355407715,5040920,5040921
2026-02-22 15:12:41.771110,67594.8,67584.79,0.01481102478828345,BUY,0.001,0,0,5040925,
2026-02-22 15:12:47.814017,67594.8,67584.8,0.014796226370426485,SELL,0.001,-0.20274438499999067,5.793863773345947,5040925,5040943
2026-02-22 15:12:49.516729,67594.8,67584.79,0.01481102478828345,BUY,0.001,0,0,5040947,
2026-02-22 15:12:55.903841,67594.8,67584.79,0.01481102478828345,SELL,0.001,-0.20275437,5.807862997055054,5040947,5040957
2026-02-22 15:12:58.051760,67594.8,67584.8,0.014796226370426485,BUY,0.001,0,0,5040961,
2026-02-22 15:13:04.622317,67594.8,67584.8,0.014796226370426485,SELL,0.001,-0.2027544,6.327621221542358,5040961,5040973
2026-02-22 15:13:06.316471,67594.8,67584.8,0.014796226370426485,BUY,0.001,0,0,5040976,
2026-02-22 15:13:12.352575,67594.8,67584.79,0.01481102478828345,SELL,0.001,-0.2027643850000093,5.791292428970337,5040976,5041002
2026-02-22 15:13:14.046193,67594.8,67584.79,0.01481102478828345,BUY,0.001,0,0,5041011,
2026-02-22 15:13:20.541117,67594.8,67584.8,0.014796226370426485,SELL,0.001,-0.20274438499999067,6.250757932662964,5041011,5041015
2026-02-22 15:13:22.243151,67594.8,67584.79,0.01481102478828345,BUY,0.001,0,0,5041017,
2026-02-22 15:13:28.328369,67609.2,67584.8,0.03610279234383201,SELL,0.001,-0.20274438499999067,5.831021785736084,5041017,5041030
2026-02-22 15:13:30.042313,67609.2,67584.79,0.03611759391425718,BUY,0.001,0,0,5041037,
2026-02-22 15:13:31.750366,67609.2,67612.11,-0.004303962707277576,SELL,0.001,-0.175475349999993,1.458554744720459,5041037,5041120
2026-02-22 15:15:26.278085,67668.4,67650.32,0.026725668112120078,BUY,0.001,0,0,5041521,
2026-02-22 15:15:32.769760,67668.4,67659.99,0.012429797876099213,SELL,0.001,-0.19329546500000175,6.247449636459351,5041521,5041580
2026-02-22 15:15:34.467131,67668.4,67659.99,0.012429797876099213,BUY,0.001,0,0,5041584,
2026-02-22 15:15:40.511591,67668.4,67659.99,0.012429797876099213,SELL,0.001,-0.20297997,5.803436756134033,5041584,5041601
2026-02-22 15:15:42.201795,67668.4,67659.99,0.012429797876099213,BUY,0.001,0,0,5041602,
2026-02-22 15:15:48.732487,67668.4,67660.0,0.012415016257750783,SELL,0.001,-0.20296998500000524,6.286372661590576,5041602,5041658
2026-02-22 15:18:09.225483,67596.7,67573.49,0.03434778934755604,BUY,0.001,0,0,5042147,
2026-02-22 15:18:15.257839,67596.7,67573.48,0.03436259313565198,SELL,0.001,-0.20273045500000933,5.789885759353638,5042147,5042167
2026-02-22 15:18:16.958581,67596.7,67573.48,0.03436259313565198,BUY,0.001,0,0,5042171,
2026-02-22 15:18:20.090574,67596.7,67582.19,0.021470153601111125,SELL,0.001,-0.19402350499999357,2.8893933296203613,5042171,5042226
2026-02-22 15:18:21.801657,67596.7,67582.18,0.02148495357800544,BUY,0.001,0,0,5042233,
2026-02-22 15:18:28.307858,67596.7,67582.18,0.02148495357800544,SELL,0.001,-0.20274653999999998,6.262198448181152,5042233,5042246
2026-02-22 15:18:30.016062,67596.7,67582.18,0.02148495357800544,BUY,0.001,0,0,5042253,
2026-02-22 15:18:36.066297,67596.7,67582.18,0.02148495357800544,SELL,0.001,-0.20274653999999998,5.80863356590271,5042253,5042298
2026-02-22 15:19:30.906784,67596.7,67585.25,0.016941566392070888,BUY,0.001,0,0,5042451,
2026-02-22 15:19:37.410663,67596.7,67585.25,0.016941566392070888,SELL,0.001,-0.20275575,6.197715759277344,5042451,5042455
2026-02-22 15:19:39.112841,67596.7,67585.25,0.016941566392070888,BUY,0.001,0,0,5042467,
2026-02-22 15:19:46.062895,67596.7,67585.26,0.0169267677597191,SELL,0.001,-0.20274576500000527,6.2583417892456055,5042467,5042522
2026-02-22 15:19:47.771033,67596.7,67581.23,0.022890971354030055,BUY,0.001,0,0,5042526,
2026-02-22 15:19:53.818668,67596.7,67581.22,0.022905771751376973,SELL,0.001,-0.2027536749999948,5.802685499191284,5042526,5042540
2026-02-22 15:19:55.959382,67596.7,67581.22,0.022905771751376973,BUY,0.001,0,0,5042542,
2026-02-22 15:20:02.474491,67596.7,67581.23,0.022890971354030055,SELL,0.001,-0.20273367500000528,6.268538475036621,5042542,5042587
2026-02-22 15:20:04.175073,67596.7,67585.25,0.016941566392070888,BUY,0.001,0,0,5042593,
2026-02-22 15:20:10.240424,67596.7,67585.25,0.016941566392070888,SELL,0.001,-0.20275575,5.82090163230896,5042593,5042600
2026-02-22 15:20:11.928836,67596.7,67585.26,0.0169267677597191,BUY,0.001,0,0,5042605,
2026-02-22 15:20:18.457047,67596.7,67585.26,0.0169267677597191,SELL,0.001,-0.20275578,6.285222291946411,5042605,5042613
2026-02-22 15:20:20.144218,67596.7,67585.25,0.016941566392070888,BUY,0.001,0,0,5042655,
2026-02-22 15:20:26.628954,67596.7,67592.28,0.0065392083237882405,SELL,0.001,-0.19573629500000117,6.241809844970703,5042655,5042671
2026-02-22 15:23:14.214357,67651.4,67642.21,0.013586191225845187,BUY,0.001,0,0,5043339,
2026-02-22 15:23:20.706053,67651.4,67642.2,0.013600976904945565,SELL,0.001,-0.2029366150000093,5.796591281890869,5043339,5043352
2026-02-22 15:23:22.413949,67651.4,67642.2,0.013600976904945565,BUY,0.001,0,0,5043360,
2026-02-22 15:23:29.358771,67651.4,67642.21,0.013586191225845187,SELL,0.001,-0.2029166149999907,6.25037956237793,5043360,5043370
2026-02-22 15:23:31.060363,67651.4,67642.2,0.013600976904945565,BUY,0.001,0,0,5043391,
2026-02-22 15:23:37.136547,67651.4,67642.2,0.013600976904945565,SELL,0.001,-0.2029266,5.824779272079468,5043391,5043398
2026-02-22 15:23:38.828007,67651.4,67642.2,0.013600976904945565,BUY,0.001,0,0,5043404,
2026-02-22 15:23:45.115177,67651.4,67642.21,0.013586191225845187,SELL,0.001,-0.2029166149999907,5.980016708374023,5043404,5043407
2026-02-22 15:23:46.960143,67651.4,67642.2,0.013600976904945565,BUY,0.001,0,0,5043408,
2026-02-22 15:23:53.124842,67651.4,67642.21,0.013586191225845187,SELL,0.001,-0.2029166149999907,5.91619610786438,5043408,5043463
2026-02-22 15:23:54.838343,67651.4,67630.51,0.03088842594858359,BUY,0.001,0,0,5043470,
2026-02-22 15:24:00.891233,67651.4,67630.52,0.03087363515760355,SELL,0.001,-0.2028815449999907,5.807624340057373,5043470,5043478
2026-02-22 15:24:02.587840,67651.4,67630.51,0.03088842594858359,BUY,0.001,0,0,5043484,
2026-02-22 15:24:08.873050,67651.4,67630.52,0.03087363515760355,SELL,0.001,-0.2028815449999907,5.8750903606414795,5043484,5043508
2026-02-22 15:24:10.817672,67651.4,67630.52,0.03087363515760355,BUY,0.001,0,0,5043513,
2026-02-22 15:24:16.759669,67625.8,67630.52,-0.006979097602681694,SELL,0.001,-0.20289156000000003,5.030601263046265,5043513,5043526
2026-02-22 15:27:50.327489,67595.5,67585.77,0.01439652163465168,BUY,0.001,0,0,5044309,
2026-02-22 15:27:56.854619,67595.5,67585.76,0.014411319780979365,SELL,0.001,-0.2027672950000093,5.828728675842285,5044309,5044330
2026-02-22 15:27:58.572875,67595.5,67585.77,0.01439652163465168,BUY,0.001,0,0,5044339,
2026-02-22 15:28:04.642079,67595.5,67585.76,0.014411319780979365,SELL,0.001,-0.2027672950000093,5.820082664489746,5044339,5044350
2026-02-22 15:28:06.339190,67595.5,67585.76,0.014411319780979365,BUY,0.001,0,0,5044359,
2026-02-22 15:28:08.043365,67595.5,67598.04,-0.0037575053951173693,SELL,0.001,-0.19049570000000116,1.4550931453704834,5044359,5044411
